county,year,avg_alcohol_level_g210L,num_tests
Adair,2002,0.144,10
Adair,2003,0.124,46
Adair,2004,0.122,32
Adair,2005,0.124,26
Adair,2006,0.104,27
Adair,2007,0.117,35
Adair,2008,0.114,30
Adair,2009,0.15,23
Adair,2010,0.173,20
Adair,2012,0.124,24
Adair,2013,0.126,21
Adair,2014,0.159,29
Adair,2015,0.133,25
Adair,2016,0.142,28
Adair,2017,0.152,23
Adair,2018,0.115,20
Adair,2019,0.152,16
Adair,2020,0.142,30
Adair,2021,0.129,38
Adair,2022,0.15,54
Adair,2023,0.16,31
Adair,2024,0.148,21
Adair,2025,0.143,21
Adair,2026,0.15,8
Adams,2002,0.187,4
Adams,2003,0.101,11
Adams,2004,0.168,15
Adams,2005,0.177,7
Adams,2006,0.151,27
Adams,2007,0.137,12
Adams,2008,0.1,11
Adams,2009,0.144,20
Adams,2010,0.126,24
Adams,2011,0.124,29
Adams,2012,0.122,29
Adams,2013,0.141,23
Adams,2014,0.114,18
Adams,2015,0.126,23
Adams,2016,0.131,25
Adams,2017,0.102,33
Adams,2018,0.083,29
Adams,2019,0.073,18
Adams,2020,0.14,13
Adams,2021,0.133,12
Adams,2022,0.146,13
Adams,2023,0.096,21
Adams,2024,0.135,14
Adams,2025,0.118,17
Adams,2026,0.131,8
Allamakee,2002,0.142,54
Allamakee,2003,0.151,20
Allamakee,2004,0.162,18
Allamakee,2005,0.142,47
Allamakee,2006,0.146,101
Allamakee,2007,0.146,58
Allamakee,2008,0.132,81
Allamakee,2009,0.13,38
Allamakee,2010,0.139,53
Allamakee,2011,0.147,125
Allamakee,2012,0.133,75
Allamakee,2013,0.153,69
Allamakee,2014,0.135,39
Allamakee,2015,0.141,51
Allamakee,2016,0.15,64
Allamakee,2017,0.12,71
Allamakee,2018,0.134,62
Allamakee,2019,0.148,51
Allamakee,2020,0.121,49
Allamakee,2021,0.141,48
Allamakee,2022,0.135,49
Allamakee,2023,0.144,49
Allamakee,2024,0.148,53
Allamakee,2025,0.151,53
Allamakee,2026,0.118,14
Appanoose,2002,0.097,166
Appanoose,2003,0.109,245
Appanoose,2004,0.118,190
Appanoose,2005,0.107,242
Appanoose,2006,0.108,168
Appanoose,2007,0.108,195
Appanoose,2008,0.108,174
Appanoose,2009,0.102,252
Appanoose,2010,0.121,73
Appanoose,2011,0.124,97
Appanoose,2012,0.136,90
Appanoose,2013,0.136,88
Appanoose,2014,0.144,51
Appanoose,2015,0.134,59
Appanoose,2016,0.127,52
Appanoose,2017,0.122,53
Appanoose,2018,0.134,47
Appanoose,2019,0.136,48
Appanoose,2020,0.104,62
Appanoose,2021,0.101,71
Appanoose,2022,0.116,79
Appanoose,2023,0.121,67
Appanoose,2024,0.114,65
Appanoose,2025,0.143,57
Appanoose,2026,0.133,42
Audubon,2002,0.168,16
Audubon,2003,0.136,24
Audubon,2004,0.138,23
Audubon,2005,0.139,25
Audubon,2006,0.118,18
Audubon,2007,0.129,32
Audubon,2008,0.113,44
Audubon,2009,0.134,45
Audubon,2010,0.111,23
Audubon,2011,0.157,19
Audubon,2012,0.122,16
Audubon,2013,0.152,19
Audubon,2014,0.113,20
Audubon,2015,0.117,23
Audubon,2016,0.126,24
Audubon,2017,0.147,22
Audubon,2018,0.146,19
Audubon,2019,0.157,13
Audubon,2020,0.122,21
Audubon,2021,0.111,32
Audubon,2022,0.127,11
Audubon,2023,0.132,5
Audubon,2024,0.145,25
Audubon,2025,0.123,13
Audubon,2026,0.194,5
Benton,2002,0.122,102
Benton,2003,0.125,171
Benton,2004,0.12,145
Benton,2005,0.12,138
Benton,2006,0.121,135
Benton,2007,0.127,136
Benton,2008,0.124,107
Benton,2009,0.111,143
Benton,2010,0.114,137
Benton,2011,0.143,163
Benton,2012,0.133,161
Benton,2013,0.113,119
Benton,2014,0.116,104
Benton,2015,0.127,122
Benton,2016,0.108,100
Benton,2017,0.115,94
Benton,2018,0.126,76
Benton,2019,0.119,79
Benton,2020,0.097,74
Benton,2021,0.099,102
Benton,2022,0.106,97
Benton,2023,0.106,83
Benton,2024,0.111,56
Benton,2025,0.123,62
Benton,2026,0.099,16
Black Hawk,2002,0.157,529
Black Hawk,2003,0.152,706
Black Hawk,2004,0.149,916
Black Hawk,2005,0.152,961
Black Hawk,2006,0.139,1001
Black Hawk,2007,0.148,941
Black Hawk,2008,0.15,929
Black Hawk,2009,0.155,668
Black Hawk,2010,0.152,376
Black Hawk,2011,0.152,1187
Black Hawk,2012,0.152,1138
Black Hawk,2013,0.16,999
Black Hawk,2014,0.156,721
Black Hawk,2015,0.163,636
Black Hawk,2016,0.159,514
Black Hawk,2017,0.152,541
Black Hawk,2018,0.143,520
Black Hawk,2019,0.151,518
Black Hawk,2020,0.145,518
Black Hawk,2021,0.149,628
Black Hawk,2022,0.15,550
Black Hawk,2023,0.142,565
Black Hawk,2024,0.14,569
Black Hawk,2025,0.143,485
Black Hawk,2026,0.143,267
Boone,2002,0.142,16
Boone,2003,0.136,96
Boone,2004,0.142,110
Boone,2005,0.143,136
Boone,2006,0.134,164
Boone,2007,0.136,207
Boone,2008,0.133,257
Boone,2009,0.134,224
Boone,2010,0.106,66
Boone,2011,0.13,220
Boone,2012,0.147,208
Boone,2013,0.123,199
Boone,2014,0.135,164
Boone,2015,0.136,155
Boone,2016,0.131,155
Boone,2017,0.122,165
Boone,2018,0.121,155
Boone,2019,0.127,146
Boone,2020,0.121,131
Boone,2021,0.122,114
Boone,2022,0.131,102
Boone,2023,0.123,94
Boone,2024,0.131,96
Boone,2025,0.122,90
Boone,2026,0.128,70
Bremer,2002,0.132,128
Bremer,2003,0.13,178
Bremer,2004,0.13,209
Bremer,2005,0.135,236
Bremer,2006,0.135,243
Bremer,2007,0.128,213
Bremer,2008,0.134,169
Bremer,2009,0.133,109
Bremer,2010,0.132,74
Bremer,2011,0.125,135
Bremer,2012,0.126,138
Bremer,2013,0.137,114
Bremer,2014,0.129,137
Bremer,2015,0.124,132
Bremer,2016,0.127,147
Bremer,2017,0.14,122
Bremer,2018,0.136,108
Bremer,2019,0.147,109
Bremer,2020,0.142,83
Bremer,2021,0.15,104
Bremer,2022,0.152,114
Bremer,2023,0.145,101
Bremer,2024,0.139,86
Bremer,2025,0.148,60
Bremer,2026,0.15,51
Buchanan,2002,0.0,0
Buchanan,2003,0.141,48
Buchanan,2004,0.122,53
Buchanan,2005,0.127,109
Buchanan,2006,0.123,102
Buchanan,2007,0.135,103
Buchanan,2008,0.152,99
Buchanan,2009,0.133,111
Buchanan,2010,0.103,52
Buchanan,2011,0.14,88
Buchanan,2012,0.124,124
Buchanan,2013,0.105,100
Buchanan,2014,0.132,74
Buchanan,2015,0.123,78
Buchanan,2016,0.11,89
Buchanan,2017,0.123,103
Buchanan,2018,0.12,90
Buchanan,2019,0.124,86
Buchanan,2020,0.13,90
Buchanan,2021,0.115,106
Buchanan,2022,0.122,140
Buchanan,2023,0.13,88
Buchanan,2024,0.141,66
Buchanan,2025,0.151,49
Buchanan,2026,0.137,36
Buena Vista,2002,0.134,185
Buena Vista,2003,0.144,134
Buena Vista,2004,0.147,140
Buena Vista,2005,0.144,141
Buena Vista,2006,0.148,97
Buena Vista,2007,0.15,133
Buena Vista,2008,0.152,133
Buena Vista,2009,0.151,123
Buena Vista,2010,0.144,61
Buena Vista,2011,0.146,190
Buena Vista,2012,0.133,201
Buena Vista,2013,0.135,155
Buena Vista,2014,0.13,150
Buena Vista,2015,0.145,110
Buena Vista,2016,0.156,106
Buena Vista,2017,0.147,157
Buena Vista,2018,0.142,176
Buena Vista,2019,0.128,209
Buena Vista,2020,0.158,95
Buena Vista,2021,0.135,128
Buena Vista,2022,0.133,116
Buena Vista,2023,0.137,126
Buena Vista,2024,0.144,80
Buena Vista,2025,0.137,85
Buena Vista,2026,0.138,23
Butler,2002,0.131,61
Butler,2003,0.134,28
Butler,2004,0.124,62
Butler,2005,0.136,63
Butler,2006,0.143,54
Butler,2007,0.128,51
Butler,2008,0.139,46
Butler,2009,0.141,51
Butler,2010,0.131,53
Butler,2011,0.137,52
Butler,2012,0.145,50
Butler,2013,0.137,49
Butler,2014,0.117,43
Butler,2015,0.137,42
Butler,2016,0.151,31
Butler,2017,0.163,27
Butler,2018,0.17,25
Butler,2019,0.14,37
Butler,2020,0.147,21
Butler,2021,0.147,28
Butler,2022,0.158,30
Butler,2023,0.14,19
Butler,2024,0.155,24
Butler,2025,0.127,30
Butler,2026,0.123,24
Calhoun,2002,0.137,26
Calhoun,2003,0.134,44
Calhoun,2004,0.139,23
Calhoun,2005,0.122,42
Calhoun,2006,0.106,56
Calhoun,2007,0.077,39
Calhoun,2008,0.155,29
Calhoun,2009,0.139,31
Calhoun,2010,0.11,25
Calhoun,2011,0.119,32
Calhoun,2012,0.163,38
Calhoun,2013,0.128,27
Calhoun,2014,0.145,22
Calhoun,2015,0.115,24
Calhoun,2016,0.127,19
Calhoun,2017,0.137,21
Calhoun,2018,0.114,19
Calhoun,2019,0.153,22
Calhoun,2020,0.167,30
Calhoun,2021,0.158,28
Calhoun,2022,0.132,30
Calhoun,2023,0.173,17
Calhoun,2024,0.164,21
Calhoun,2025,0.136,17
Calhoun,2026,0.163,6
Carroll,2002,0.128,34
Carroll,2003,0.134,120
Carroll,2004,0.135,85
Carroll,2005,0.129,107
Carroll,2006,0.125,146
Carroll,2007,0.139,164
Carroll,2008,0.134,142
Carroll,2009,0.142,108
Carroll,2010,0.14,62
Carroll,2011,0.143,139
Carroll,2012,0.134,109
Carroll,2013,0.133,75
Carroll,2014,0.145,71
Carroll,2015,0.134,55
Carroll,2016,0.134,67
Carroll,2017,0.133,105
Carroll,2018,0.123,83
Carroll,2019,0.116,67
Carroll,2020,0.146,64
Carroll,2021,0.149,48
Carroll,2022,0.136,36
Carroll,2023,0.14,42
Carroll,2024,0.138,40
Carroll,2025,0.152,56
Carroll,2026,0.12,44
Cass,2002,0.133,31
Cass,2003,0.152,88
Cass,2004,0.132,77
Cass,2005,0.137,71
Cass,2006,0.138,107
Cass,2007,0.133,108
Cass,2008,0.129,61
Cass,2009,0.134,84
Cass,2010,0.124,62
Cass,2011,0.133,102
Cass,2012,0.136,92
Cass,2013,0.131,85
Cass,2014,0.118,96
Cass,2015,0.139,59
Cass,2016,0.124,74
Cass,2017,0.129,58
Cass,2018,0.124,69
Cass,2019,0.149,52
Cass,2020,0.141,69
Cass,2021,0.152,61
Cass,2022,0.142,76
Cass,2023,0.159,48
Cass,2024,0.133,60
Cass,2025,0.128,49
Cass,2026,0.134,50
Cedar,2002,0.063,148
Cedar,2003,0.114,140
Cedar,2004,0.122,132
Cedar,2005,0.12,126
Cedar,2006,0.105,156
Cedar,2007,0.105,156
Cedar,2008,0.099,163
Cedar,2009,0.093,116
Cedar,2010,0.085,82
Cedar,2011,0.09,206
Cedar,2012,0.106,143
Cedar,2013,0.116,120
Cedar,2014,0.117,100
Cedar,2015,0.134,87
Cedar,2016,0.132,112
Cedar,2017,0.11,139
Cedar,2018,0.109,116
Cedar,2019,0.101,100
Cedar,2020,0.126,55
Cedar,2021,0.093,83
Cedar,2022,0.095,57
Cedar,2023,0.135,67
Cedar,2024,0.149,60
Cedar,2025,0.155,63
Cedar,2026,0.132,40
Cerro Gordo,2002,0.12,302
Cerro Gordo,2003,0.126,210
Cerro Gordo,2004,0.138,324
Cerro Gordo,2005,0.141,305
Cerro Gordo,2006,0.143,400
Cerro Gordo,2007,0.148,430
Cerro Gordo,2008,0.141,395
Cerro Gordo,2009,0.137,300
Cerro Gordo,2010,0.133,155
Cerro Gordo,2011,0.132,466
Cerro Gordo,2012,0.14,419
Cerro Gordo,2013,0.141,373
Cerro Gordo,2014,0.151,333
Cerro Gordo,2015,0.145,314
Cerro Gordo,2016,0.139,328
Cerro Gordo,2017,0.147,357
Cerro Gordo,2018,0.144,305
Cerro Gordo,2019,0.14,307
Cerro Gordo,2020,0.148,235
Cerro Gordo,2021,0.139,254
Cerro Gordo,2022,0.14,233
Cerro Gordo,2023,0.137,276
Cerro Gordo,2024,0.128,256
Cerro Gordo,2025,0.141,297
Cerro Gordo,2026,0.143,195
Cherokee,2002,0.127,106
Cherokee,2003,0.15,6
Cherokee,2004,0.129,77
Cherokee,2005,0.109,73
Cherokee,2006,0.098,110
Cherokee,2007,0.097,88
Cherokee,2008,0.081,58
Cherokee,2009,0.111,62
Cherokee,2010,0.078,16
Cherokee,2011,0.114,82
Cherokee,2012,0.129,76
Cherokee,2013,0.133,58
Cherokee,2014,0.125,75
Cherokee,2015,0.138,69
Cherokee,2016,0.118,79
Cherokee,2017,0.108,41
Cherokee,2018,0.108,84
Cherokee,2019,0.135,39
Cherokee,2020,0.13,30
Cherokee,2021,0.13,29
Cherokee,2022,0.129,31
Cherokee,2023,0.164,36
Cherokee,2024,0.146,36
Cherokee,2025,0.139,25
Cherokee,2026,0.16,14
Chickasaw,2002,0.121,99
Chickasaw,2003,0.133,109
Chickasaw,2004,0.118,140
Chickasaw,2005,0.115,119
Chickasaw,2006,0.114,138
Chickasaw,2007,0.113,106
Chickasaw,2008,0.125,147
Chickasaw,2009,0.115,113
Chickasaw,2010,0.094,51
Chickasaw,2011,0.113,116
Chickasaw,2012,0.127,86
Chickasaw,2013,0.136,84
Chickasaw,2014,0.117,89
Chickasaw,2015,0.113,113
Chickasaw,2016,0.126,107
Chickasaw,2017,0.122,75
Chickasaw,2018,0.156,47
Chickasaw,2019,0.123,72
Chickasaw,2020,0.109,44
Chickasaw,2021,0.148,59
Chickasaw,2022,0.149,57
Chickasaw,2023,0.131,47
Chickasaw,2024,0.075,89
Chickasaw,2025,0.157,37
Chickasaw,2026,0.129,6
Clarke,2002,0.137,84
Clarke,2003,0.144,59
Clarke,2004,0.145,61
Clarke,2005,0.151,51
Clarke,2006,0.124,65
Clarke,2007,0.121,76
Clarke,2008,0.128,83
Clarke,2009,0.127,93
Clarke,2010,0.136,40
Clarke,2011,0.125,76
Clarke,2012,0.131,91
Clarke,2013,0.13,93
Clarke,2014,0.11,85
Clarke,2015,0.139,73
Clarke,2016,0.122,57
Clarke,2017,0.112,84
Clarke,2018,0.117,71
Clarke,2019,0.132,45
Clarke,2020,0.129,39
Clarke,2021,0.155,52
Clarke,2022,0.109,59
Clarke,2023,0.16,27
Clarke,2024,0.152,34
Clarke,2025,0.141,32
Clarke,2026,0.11,27
Clay,2002,0.149,101
Clay,2003,0.144,134
Clay,2004,0.132,163
Clay,2005,0.146,134
Clay,2006,0.137,127
Clay,2007,0.125,144
Clay,2008,0.128,193
Clay,2009,0.12,63
Clay,2010,0.12,56
Clay,2011,0.129,174
Clay,2012,0.129,186
Clay,2013,0.128,107
Clay,2014,0.143,126
Clay,2015,0.127,115
Clay,2016,0.143,87
Clay,2017,0.124,105
Clay,2018,0.154,63
Clay,2019,0.142,69
Clay,2020,0.136,56
Clay,2021,0.153,73
Clay,2022,0.149,80
Clay,2023,0.135,79
Clay,2024,0.123,70
Clay,2025,0.143,58
Clay,2026,0.147,19
Clayton,2002,0.147,68
Clayton,2003,0.152,74
Clayton,2004,0.143,87
Clayton,2005,0.131,132
Clayton,2006,0.139,91
Clayton,2007,0.134,77
Clayton,2008,0.136,121
Clayton,2009,0.122,124
Clayton,2010,0.147,38
Clayton,2011,0.137,125
Clayton,2012,0.127,136
Clayton,2013,0.12,92
Clayton,2014,0.132,91
Clayton,2015,0.138,68
Clayton,2016,0.116,75
Clayton,2017,0.091,98
Clayton,2018,0.093,75
Clayton,2019,0.098,66
Clayton,2020,0.12,54
Clayton,2021,0.157,66
Clayton,2022,0.143,74
Clayton,2023,0.14,82
Clayton,2024,0.146,55
Clayton,2025,0.134,63
Clayton,2026,0.146,39
Clinton,2002,0.094,546
Clinton,2003,0.092,949
Clinton,2004,0.097,688
Clinton,2005,0.123,323
Clinton,2006,0.11,820
Clinton,2007,0.102,818
Clinton,2008,0.103,785
Clinton,2009,0.093,761
Clinton,2010,0.134,274
Clinton,2011,0.134,573
Clinton,2012,0.132,428
Clinton,2013,0.144,330
Clinton,2014,0.158,249
Clinton,2015,0.149,226
Clinton,2016,0.16,187
Clinton,2017,0.159,158
Clinton,2018,0.136,162
Clinton,2019,0.137,174
Clinton,2020,0.14,120
Clinton,2021,0.139,116
Clinton,2022,0.128,120
Clinton,2023,0.132,171
Clinton,2024,0.139,171
Clinton,2025,0.131,143
Clinton,2026,0.126,152
Crawford,2002,0.143,79
Crawford,2003,0.133,131
Crawford,2004,0.141,135
Crawford,2005,0.149,116
Crawford,2006,0.13,135
Crawford,2007,0.129,130
Crawford,2008,0.066,64
Crawford,2009,0.14,155
Crawford,2010,0.126,135
Crawford,2011,0.149,168
Crawford,2012,0.148,146
Crawford,2013,0.14,104
Crawford,2014,0.134,120
Crawford,2015,0.169,100
Crawford,2016,0.15,40
Crawford,2017,0.155,68
Crawford,2018,0.138,60
Crawford,2019,0.147,64
Crawford,2020,0.13,75
Crawford,2021,0.121,67
Crawford,2022,0.133,56
Crawford,2023,0.12,78
Crawford,2024,0.137,52
Crawford,2025,0.143,65
Crawford,2026,0.139,47
Dallas,2002,0.149,213
Dallas,2003,0.138,305
Dallas,2004,0.145,286
Dallas,2005,0.146,253
Dallas,2006,0.145,232
Dallas,2007,0.138,246
Dallas,2008,0.144,190
Dallas,2009,0.152,181
Dallas,2010,0.095,72
Dallas,2011,0.145,214
Dallas,2012,0.146,176
Dallas,2013,0.137,186
Dallas,2014,0.147,182
Dallas,2015,0.148,184
Dallas,2016,0.143,121
Dallas,2017,0.15,127
Dallas,2018,0.15,122
Dallas,2019,0.157,144
Dallas,2020,0.146,133
Dallas,2021,0.146,187
Dallas,2022,0.143,196
Dallas,2023,0.151,223
Dallas,2024,0.144,234
Dallas,2025,0.141,313
Dallas,2026,0.133,207
Davis,2002,0.152,19
Davis,2003,0.112,32
Davis,2004,0.138,15
Davis,2005,0.078,40
Davis,2006,0.078,33
Davis,2007,0.101,47
Davis,2008,0.091,40
Davis,2009,0.11,31
Davis,2010,0.102,7
Davis,2011,0.093,41
Davis,2012,0.094,43
Davis,2013,0.092,32
Davis,2014,0.115,23
Davis,2015,0.1,22
Davis,2016,0.118,25
Davis,2017,0.126,15
Davis,2018,0.141,36
Davis,2019,0.153,21
Davis,2020,0.157,27
Davis,2021,0.115,15
Davis,2022,0.168,26
Davis,2023,0.114,22
Davis,2024,0.127,20
Davis,2025,0.14,27
Davis,2026,0.135,16
Decatur,2002,0.128,74
Decatur,2003,0.114,75
Decatur,2004,0.109,75
Decatur,2005,0.086,84
Decatur,2006,0.123,47
Decatur,2007,0.142,51
Decatur,2008,0.133,42
Decatur,2009,0.128,34
Decatur,2010,0.147,26
Decatur,2011,0.122,37
Decatur,2012,0.135,32
Decatur,2013,0.155,32
Decatur,2014,0.145,17
Decatur,2015,0.136,16
Decatur,2016,0.173,23
Decatur,2017,0.162,27
Decatur,2018,0.127,11
Decatur,2019,0.119,18
Decatur,2020,0.125,11
Decatur,2021,0.038,3
Decatur,2022,0.127,8
Decatur,2023,0.169,11
Decatur,2024,0.114,16
Decatur,2025,0.109,14
Decatur,2026,0.188,6
Delaware,2002,0.14,56
Delaware,2003,0.128,102
Delaware,2004,0.13,83
Delaware,2005,0.133,70
Delaware,2006,0.146,145
Delaware,2007,0.135,92
Delaware,2008,0.14,79
Delaware,2009,0.137,67
Delaware,2010,0.098,41
Delaware,2011,0.131,119
Delaware,2012,0.158,121
Delaware,2013,0.139,100
Delaware,2014,0.124,117
Delaware,2015,0.12,58
Delaware,2016,0.141,81
Delaware,2017,0.117,61
Delaware,2018,0.083,68
Delaware,2019,0.143,60
Delaware,2020,0.132,88
Delaware,2021,0.123,110
Delaware,2022,0.131,80
Delaware,2023,0.134,84
Delaware,2024,0.155,88
Delaware,2025,0.136,100
Delaware,2026,0.166,85
Des Moines,2002,0.151,60
Des Moines,2003,0.144,141
Des Moines,2004,0.152,116
Des Moines,2005,0.151,236
Des Moines,2006,0.143,229
Des Moines,2007,0.143,266
Des Moines,2008,0.147,229
Des Moines,2009,0.144,156
Des Moines,2010,0.157,85
Des Moines,2011,0.152,252
Des Moines,2012,0.147,169
Des Moines,2013,0.154,134
Des Moines,2014,0.152,109
Des Moines,2015,0.166,101
Des Moines,2016,0.155,119
Des Moines,2017,0.165,106
Des Moines,2018,0.161,79
Des Moines,2019,0.145,108
Des Moines,2020,0.172,127
Des Moines,2021,0.138,112
Des Moines,2022,0.135,89
Des Moines,2023,0.166,65
Des Moines,2024,0.156,57
Des Moines,2025,0.157,65
Des Moines,2026,0.155,49
Dickinson,2002,0.133,259
Dickinson,2003,0.128,299
Dickinson,2004,0.123,261
Dickinson,2005,0.123,214
Dickinson,2006,0.1,260
Dickinson,2007,0.131,274
Dickinson,2008,0.134,245
Dickinson,2009,0.136,241
Dickinson,2010,0.145,76
Dickinson,2011,0.147,200
Dickinson,2012,0.142,207
Dickinson,2013,0.147,164
Dickinson,2014,0.14,161
Dickinson,2015,0.143,147
Dickinson,2016,0.145,156
Dickinson,2017,0.144,154
Dickinson,2018,0.158,143
Dickinson,2019,0.151,160
Dickinson,2020,0.141,135
Dickinson,2021,0.149,184
Dickinson,2022,0.151,121
Dickinson,2023,0.145,107
Dickinson,2024,0.157,113
Dickinson,2025,0.152,129
Dickinson,2026,0.161,97
Dubuque,2002,0.127,376
Dubuque,2003,0.131,489
Dubuque,2004,0.129,477
Dubuque,2005,0.129,648
Dubuque,2006,0.137,645
Dubuque,2007,0.133,629
Dubuque,2008,0.128,612
Dubuque,2009,0.135,576
Dubuque,2010,0.128,132
Dubuque,2011,0.129,685
Dubuque,2012,0.126,751
Dubuque,2013,0.125,682
Dubuque,2014,0.124,536
Dubuque,2015,0.127,484
Dubuque,2016,0.126,524
Dubuque,2017,0.117,576
Dubuque,2018,0.102,660
Dubuque,2019,0.119,449
Dubuque,2020,0.111,385
Dubuque,2021,0.119,418
Dubuque,2022,0.116,429
Dubuque,2023,0.106,483
Dubuque,2024,0.113,387
Dubuque,2025,0.13,366
Dubuque,2026,0.117,302
Emmet,2002,0.123,137
Emmet,2003,0.115,106
Emmet,2004,0.133,81
Emmet,2005,0.149,56
Emmet,2006,0.111,78
Emmet,2007,0.139,62
Emmet,2008,0.098,76
Emmet,2009,0.113,87
Emmet,2010,0.109,27
Emmet,2011,0.139,79
Emmet,2012,0.142,59
Emmet,2013,0.136,56
Emmet,2014,0.141,77
Emmet,2015,0.13,78
Emmet,2016,0.133,56
Emmet,2017,0.131,77
Emmet,2018,0.118,68
Emmet,2019,0.109,56
Emmet,2020,0.083,45
Emmet,2021,0.122,33
Emmet,2022,0.151,33
Emmet,2023,0.146,35
Emmet,2024,0.154,38
Emmet,2025,0.151,40
Emmet,2026,0.121,27
Fayette,2002,0.096,161
Fayette,2003,0.104,229
Fayette,2004,0.109,224
Fayette,2005,0.142,153
Fayette,2006,0.128,115
Fayette,2007,0.129,97
Fayette,2008,0.138,172
Fayette,2009,0.136,109
Fayette,2010,0.131,25
Fayette,2011,0.146,159
Fayette,2012,0.138,140
Fayette,2013,0.128,120
Fayette,2014,0.134,90
Fayette,2015,0.127,94
Fayette,2016,0.133,86
Fayette,2017,0.139,97
Fayette,2018,0.152,58
Fayette,2019,0.14,55
Fayette,2020,0.127,40
Fayette,2021,0.128,47
Fayette,2022,0.126,46
Fayette,2023,0.141,41
Fayette,2024,0.106,52
Fayette,2025,0.13,54
Fayette,2026,0.137,26
Floyd,2002,0.14,111
Floyd,2003,0.128,82
Floyd,2004,0.144,76
Floyd,2005,0.139,55
Floyd,2006,0.147,64
Floyd,2007,0.133,70
Floyd,2008,0.145,105
Floyd,2009,0.127,91
Floyd,2010,0.137,48
Floyd,2011,0.144,93
Floyd,2012,0.14,74
Floyd,2013,0.166,53
Floyd,2014,0.119,79
Floyd,2015,0.144,99
Floyd,2016,0.152,61
Floyd,2017,0.143,54
Floyd,2018,0.154,80
Floyd,2019,0.137,88
Floyd,2020,0.141,47
Floyd,2021,0.146,44
Floyd,2022,0.15,52
Floyd,2023,0.137,96
Floyd,2024,0.142,115
Floyd,2025,0.118,81
Floyd,2026,0.103,35
Franklin,2002,0.137,68
Franklin,2003,0.144,74
Franklin,2004,0.131,96
Franklin,2005,0.137,103
Franklin,2006,0.11,93
Franklin,2007,0.136,85
Franklin,2008,0.125,78
Franklin,2009,0.124,71
Franklin,2010,0.091,28
Franklin,2011,0.139,55
Franklin,2012,0.118,39
Franklin,2013,0.123,35
Franklin,2014,0.12,39
Franklin,2015,0.134,34
Franklin,2016,0.119,37
Franklin,2017,0.134,42
Franklin,2018,0.127,35
Franklin,2019,0.154,39
Franklin,2020,0.152,54
Franklin,2021,0.167,26
Franklin,2022,0.145,22
Franklin,2023,0.135,48
Franklin,2024,0.155,52
Franklin,2025,0.138,35
Franklin,2026,0.12,26
Fremont,2002,0.129,37
Fremont,2003,0.13,40
Fremont,2004,0.154,27
Fremont,2005,0.136,36
Fremont,2006,0.119,39
Fremont,2007,0.136,41
Fremont,2008,0.149,29
Fremont,2009,0.14,34
Fremont,2010,0.183,14
Fremont,2011,0.156,15
Fremont,2012,0.13,65
Fremont,2013,0.113,33
Fremont,2014,0.122,24
Fremont,2015,0.126,39
Fremont,2016,0.124,55
Fremont,2017,0.123,21
Fremont,2018,0.127,31
Fremont,2019,0.124,30
Fremont,2020,0.104,22
Fremont,2021,0.116,39
Fremont,2022,0.131,37
Fremont,2023,0.141,49
Fremont,2024,0.12,49
Fremont,2025,0.141,49
Fremont,2026,0.079,6
Greene,2002,0.074,50
Greene,2003,0.122,56
Greene,2004,0.123,48
Greene,2005,0.158,34
Greene,2006,0.12,33
Greene,2007,0.09,41
Greene,2008,0.098,1
Greene,2009,0.121,32
Greene,2010,0.104,31
Greene,2011,0.094,67
Greene,2012,0.135,43
Greene,2013,0.113,30
Greene,2014,0.098,36
Greene,2015,0.125,41
Greene,2016,0.11,25
Greene,2017,0.134,59
Greene,2018,0.117,39
Greene,2019,0.12,49
Greene,2020,0.116,28
Greene,2021,0.116,19
Greene,2022,0.139,29
Greene,2023,0.146,31
Greene,2024,0.153,29
Greene,2025,0.125,15
Greene,2026,0.156,13
Grundy,2002,0.135,36
Grundy,2003,0.135,55
Grundy,2004,0.135,40
Grundy,2005,0.14,56
Grundy,2006,0.124,48
Grundy,2007,0.114,32
Grundy,2008,0.126,36
Grundy,2009,0.145,48
Grundy,2010,0.113,18
Grundy,2011,0.136,46
Grundy,2012,0.163,33
Grundy,2013,0.134,34
Grundy,2014,0.141,28
Grundy,2015,0.154,29
Grundy,2016,0.156,34
Grundy,2017,0.142,18
Grundy,2018,0.171,16
Grundy,2019,0.171,21
Grundy,2020,0.135,16
Grundy,2021,0.169,22
Grundy,2022,0.141,24
Grundy,2023,0.151,35
Grundy,2024,0.137,27
Grundy,2025,0.163,25
Grundy,2026,0.15,15
Guthrie,2002,0.118,25
Guthrie,2003,0.138,45
Guthrie,2004,0.132,72
Guthrie,2005,0.123,59
Guthrie,2006,0.116,76
Guthrie,2007,0.118,56
Guthrie,2008,0.129,69
Guthrie,2009,0.112,45
Guthrie,2010,0.083,16
Guthrie,2011,0.126,58
Guthrie,2012,0.139,75
Guthrie,2013,0.137,48
Guthrie,2014,0.135,37
Guthrie,2015,0.151,49
Guthrie,2016,0.141,43
Guthrie,2017,0.131,78
Guthrie,2018,0.141,63
Guthrie,2019,0.124,46
Guthrie,2020,0.137,42
Guthrie,2021,0.131,44
Guthrie,2022,0.137,47
Guthrie,2023,0.145,62
Guthrie,2024,0.133,25
Guthrie,2025,0.144,25
Guthrie,2026,0.157,17
Hamilton,2002,0.124,66
Hamilton,2003,0.156,104
Hamilton,2004,0.135,117
Hamilton,2005,0.137,118
Hamilton,2006,0.138,104
Hamilton,2007,0.134,78
Hamilton,2008,0.135,127
Hamilton,2009,0.157,74
Hamilton,2010,0.138,62
Hamilton,2011,0.114,139
Hamilton,2012,0.133,130
Hamilton,2013,0.141,83
Hamilton,2014,0.141,71
Hamilton,2015,0.151,69
Hamilton,2016,0.139,83
Hamilton,2017,0.137,57
Hamilton,2018,0.163,43
Hamilton,2019,0.14,78
Hamilton,2020,0.134,59
Hamilton,2021,0.107,80
Hamilton,2022,0.16,77
Hamilton,2023,0.134,89
Hamilton,2024,0.168,68
Hamilton,2025,0.147,1
Hamilton,2026,0.048,11
Hancock,2002,0.142,48
Hancock,2003,0.15,42
Hancock,2004,0.132,42
Hancock,2005,0.12,33
Hancock,2006,0.137,27
Hancock,2007,0.118,34
Hancock,2008,0.146,27
Hancock,2009,0.14,33
Hancock,2010,0.147,31
Hancock,2011,0.11,44
Hancock,2012,0.128,40
Hancock,2013,0.149,45
Hancock,2014,0.15,35
Hancock,2015,0.147,37
Hancock,2016,0.155,40
Hancock,2017,0.128,21
Hancock,2018,0.148,47
Hancock,2019,0.13,29
Hancock,2020,0.146,40
Hancock,2021,0.157,30
Hancock,2022,0.157,29
Hancock,2023,0.151,34
Hancock,2024,0.12,21
Hancock,2025,0.165,14
Hancock,2026,0.143,10
Hardin,2002,0.151,47
Hardin,2003,0.148,78
Hardin,2004,0.148,94
Hardin,2005,0.136,127
Hardin,2006,0.123,141
Hardin,2007,0.133,166
Hardin,2008,0.126,177
Hardin,2009,0.13,221
Hardin,2010,0.12,63
Hardin,2011,0.137,154
Hardin,2012,0.147,109
Hardin,2013,0.129,122
Hardin,2014,0.136,75
Hardin,2015,0.104,108
Hardin,2016,0.113,92
Hardin,2017,0.133,61
Hardin,2018,0.133,50
Hardin,2019,0.116,68
Hardin,2020,0.148,51
Hardin,2021,0.112,52
Hardin,2022,0.126,73
Hardin,2023,0.128,43
Hardin,2024,0.148,56
Hardin,2025,0.158,35
Hardin,2026,0.14,31
Harrison,2002,0.142,70
Harrison,2003,0.138,36
Harrison,2004,0.126,18
Harrison,2005,0.133,92
Harrison,2006,0.116,127
Harrison,2007,0.113,101
Harrison,2008,0.125,102
Harrison,2009,0.117,120
Harrison,2010,0.121,60
Harrison,2011,0.132,156
Harrison,2012,0.138,68
Harrison,2013,0.134,54
Harrison,2014,0.128,68
Harrison,2015,0.14,75
Harrison,2016,0.15,63
Harrison,2017,0.157,59
Harrison,2018,0.143,59
Harrison,2019,0.161,49
Harrison,2020,0.132,43
Harrison,2021,0.118,93
Harrison,2022,0.146,79
Harrison,2023,0.115,60
Harrison,2024,0.13,67
Harrison,2025,0.154,51
Harrison,2026,0.16,45
Henry,2002,0.134,31
Henry,2003,0.143,119
Henry,2004,0.148,20
Henry,2005,0.122,124
Henry,2006,0.139,132
Henry,2007,0.146,106
Henry,2008,0.136,27
Henry,2009,0.148,117
Henry,2010,0.127,50
Henry,2011,0.153,169
Henry,2012,0.152,118
Henry,2013,0.152,126
Henry,2014,0.154,120
Henry,2015,0.155,106
Henry,2016,0.141,136
Henry,2017,0.145,79
Henry,2018,0.142,84
Henry,2019,0.135,74
Henry,2020,0.165,48
Henry,2021,0.148,64
Henry,2022,0.153,59
Henry,2023,0.161,62
Henry,2024,0.153,61
Henry,2025,0.159,45
Henry,2026,0.15,27
Howard,2002,0.107,108
Howard,2003,0.123,4
Howard,2004,0.124,69
Howard,2005,0.127,77
Howard,2006,0.13,62
Howard,2007,0.13,79
Howard,2008,0.152,51
Howard,2009,0.139,56
Howard,2010,0.136,18
Howard,2011,0.136,95
Howard,2012,0.134,81
Howard,2013,0.12,65
Howard,2014,0.155,48
Howard,2015,0.133,46
Howard,2016,0.121,35
Howard,2017,0.16,25
Howard,2018,0.142,51
Howard,2019,0.139,32
Howard,2020,0.136,25
Howard,2021,0.134,21
Howard,2022,0.123,31
Howard,2023,0.157,36
Howard,2024,0.143,29
Howard,2025,0.133,46
Howard,2026,0.154,26
Humboldt,2002,0.157,20
Humboldt,2003,0.142,41
Humboldt,2004,0.134,40
Humboldt,2005,0.14,38
Humboldt,2006,0.12,39
Humboldt,2007,0.069,94
Humboldt,2008,0.122,33
Humboldt,2009,0.137,30
Humboldt,2010,0.098,11
Humboldt,2011,0.153,41
Humboldt,2012,0.138,40
Humboldt,2013,0.148,34
Humboldt,2014,0.156,30
Humboldt,2015,0.155,27
Humboldt,2016,0.172,19
Humboldt,2017,0.171,38
Humboldt,2018,0.178,32
Humboldt,2019,0.159,25
Humboldt,2020,0.143,36
Humboldt,2021,0.118,37
Humboldt,2022,0.142,21
Humboldt,2023,0.148,19
Humboldt,2024,0.146,23
Humboldt,2025,0.107,50
Ida,2002,0.134,18
Ida,2003,0.126,38
Ida,2004,0.083,56
Ida,2005,0.12,61
Ida,2006,0.113,82
Ida,2007,0.106,64
Ida,2008,0.109,69
Ida,2009,0.1,48
Ida,2010,0.098,30
Ida,2011,0.13,45
Ida,2012,0.135,32
Ida,2013,0.128,17
Ida,2014,0.119,20
Ida,2015,0.064,42
Ida,2016,0.141,49
Ida,2017,0.108,20
Ida,2018,0.131,21
Ida,2019,0.114,22
Ida,2020,0.12,17
Ida,2021,0.151,16
Ida,2022,0.079,18
Ida,2023,0.105,19
Ida,2024,0.105,63
Ida,2025,0.113,30
Ida,2026,0.113,12
Iowa,2002,0.152,117
Iowa,2003,0.144,124
Iowa,2004,0.148,119
Iowa,2005,0.151,101
Iowa,2006,0.148,134
Iowa,2007,0.131,129
Iowa,2008,0.135,98
Iowa,2009,0.15,118
Iowa,2010,0.139,23
Iowa,2011,0.138,68
Iowa,2012,0.148,69
Iowa,2013,0.153,59
Iowa,2014,0.156,76
Iowa,2015,0.142,66
Iowa,2016,0.158,47
Iowa,2017,0.164,57
Iowa,2018,0.148,54
Iowa,2019,0.148,49
Iowa,2020,0.174,49
Iowa,2021,0.151,57
Iowa,2022,0.156,64
Iowa,2023,0.133,70
Iowa,2024,0.126,67
Iowa,2025,0.118,64
Iowa,2026,0.127,42
Jackson,2002,0.149,86
Jackson,2003,0.149,83
Jackson,2004,0.129,77
Jackson,2005,0.127,103
Jackson,2006,0.137,101
Jackson,2007,0.123,101
Jackson,2008,0.147,98
Jackson,2009,0.147,80
Jackson,2010,0.152,39
Jackson,2011,0.133,100
Jackson,2012,0.146,127
Jackson,2013,0.147,78
Jackson,2014,0.137,85
Jackson,2015,0.141,68
Jackson,2016,0.123,70
Jackson,2017,0.129,64
Jackson,2018,0.122,45
Jackson,2019,0.15,58
Jackson,2020,0.145,27
Jackson,2021,0.145,35
Jackson,2022,0.132,55
Jackson,2023,0.107,48
Jackson,2024,0.109,44
Jackson,2025,0.144,44
Jackson,2026,0.133,44
Jasper,2002,0.142,104
Jasper,2003,0.13,194
Jasper,2004,0.127,193
Jasper,2005,0.13,198
Jasper,2006,0.128,253
Jasper,2007,0.122,220
Jasper,2008,0.117,219
Jasper,2009,0.134,192
Jasper,2010,0.112,80
Jasper,2011,0.132,231
Jasper,2012,0.13,190
Jasper,2013,0.107,147
Jasper,2014,0.118,199
Jasper,2015,0.099,160
Jasper,2016,0.104,172
Jasper,2017,0.092,132
Jasper,2018,0.13,108
Jasper,2019,0.114,89
Jasper,2020,0.118,128
Jasper,2021,0.114,154
Jasper,2022,0.128,174
Jasper,2023,0.126,141
Jasper,2024,0.117,119
Jasper,2025,0.135,99
Jasper,2026,0.129,69
Jefferson,2002,0.111,79
Jefferson,2003,0.108,124
Jefferson,2004,0.126,89
Jefferson,2005,0.133,87
Jefferson,2006,0.138,100
Jefferson,2007,0.136,91
Jefferson,2008,0.15,23
Jefferson,2009,0.134,80
Jefferson,2010,0.143,80
Jefferson,2011,0.158,105
Jefferson,2012,0.148,82
Jefferson,2013,0.146,91
Jefferson,2014,0.129,66
Jefferson,2015,0.125,43
Jefferson,2016,0.158,36
Jefferson,2017,0.127,48
Jefferson,2018,0.136,42
Jefferson,2019,0.118,33
Jefferson,2020,0.104,25
Jefferson,2021,0.15,28
Jefferson,2022,0.104,19
Jefferson,2023,0.135,29
Jefferson,2024,0.126,26
Jefferson,2025,0.151,21
Jefferson,2026,0.136,16
Johnson,2002,0.135,773
Johnson,2003,0.13,883
Johnson,2004,0.129,1487
Johnson,2005,0.128,1408
Johnson,2006,0.125,974
Johnson,2007,0.128,1222
Johnson,2008,0.126,1130
Johnson,2009,0.127,1058
Johnson,2010,0.117,386
Johnson,2011,0.119,1359
Johnson,2012,0.121,1290
Johnson,2013,0.111,1289
Johnson,2014,0.119,1160
Johnson,2015,0.12,1218
Johnson,2016,0.119,1425
Johnson,2017,0.122,1291
Johnson,2018,0.119,1318
Johnson,2019,0.122,1245
Johnson,2020,0.119,678
Johnson,2021,0.13,1084
Johnson,2022,0.125,1241
Johnson,2023,0.131,1023
Johnson,2024,0.131,890
Johnson,2025,0.136,934
Johnson,2026,0.137,626
Jones,2002,0.087,89
Jones,2003,0.064,371
Jones,2004,0.056,267
Jones,2005,0.052,373
Jones,2006,0.057,309
Jones,2007,0.093,156
Jones,2008,0.159,90
Jones,2009,0.152,88
Jones,2010,0.132,36
Jones,2011,0.131,112
Jones,2012,0.141,121
Jones,2013,0.138,107
Jones,2014,0.132,103
Jones,2015,0.131,88
Jones,2016,0.124,127
Jones,2017,0.142,100
Jones,2018,0.141,80
Jones,2019,0.126,80
Jones,2020,0.149,56
Jones,2021,0.144,63
Jones,2022,0.139,72
Jones,2023,0.151,62
Jones,2024,0.125,52
Jones,2025,0.149,46
Jones,2026,0.156,26
Keokuk,2002,0.124,11
Keokuk,2003,0.133,22
Keokuk,2004,0.143,13
Keokuk,2005,0.125,23
Keokuk,2006,0.107,34
Keokuk,2007,0.111,37
Keokuk,2008,0.119,45
Keokuk,2009,0.136,66
Keokuk,2010,0.132,18
Keokuk,2011,0.104,48
Keokuk,2012,0.127,59
Keokuk,2013,0.129,68
Keokuk,2014,0.126,56
Keokuk,2015,0.126,33
Keokuk,2016,0.11,35
Keokuk,2017,0.121,27
Keokuk,2018,0.13,17
Keokuk,2019,0.126,16
Keokuk,2020,0.124,15
Keokuk,2021,0.123,44
Keokuk,2022,0.141,20
Keokuk,2023,0.113,9
Keokuk,2024,0.113,33
Keokuk,2025,0.129,10
Keokuk,2026,0.076,1
Kossuth,2002,0.129,73
Kossuth,2003,0.141,13
Kossuth,2004,0.145,39
Kossuth,2005,0.142,55
Kossuth,2006,0.159,80
Kossuth,2007,0.122,56
Kossuth,2008,0.124,53
Kossuth,2009,0.157,44
Kossuth,2010,0.149,38
Kossuth,2011,0.158,87
Kossuth,2012,0.16,49
Kossuth,2013,0.153,63
Kossuth,2014,0.152,36
Kossuth,2015,0.15,62
Kossuth,2016,0.149,37
Kossuth,2017,0.136,43
Kossuth,2018,0.17,31
Kossuth,2019,0.157,46
Kossuth,2020,0.168,21
Kossuth,2021,0.135,29
Kossuth,2022,0.145,30
Kossuth,2023,0.146,36
Kossuth,2024,0.159,43
Kossuth,2025,0.164,33
Kossuth,2026,0.158,21
Lee,2002,0.107,135
Lee,2003,0.129,295
Lee,2004,0.146,249
Lee,2005,0.14,319
Lee,2006,0.14,286
Lee,2007,0.126,230
Lee,2008,0.147,164
Lee,2009,0.143,259
Lee,2010,0.132,80
Lee,2011,0.148,226
Lee,2012,0.159,229
Lee,2013,0.149,205
Lee,2014,0.149,178
Lee,2015,0.152,174
Lee,2016,0.148,152
Lee,2017,0.137,110
Lee,2018,0.141,138
Lee,2019,0.129,111
Lee,2020,0.141,83
Lee,2021,0.154,91
Lee,2022,0.155,66
Lee,2023,0.138,96
Lee,2024,0.123,107
Lee,2025,0.105,131
Lee,2026,0.125,43
Linn,2002,0.133,636
Linn,2003,0.134,1372
Linn,2004,0.141,1103
Linn,2005,0.144,1098
Linn,2006,0.149,1146
Linn,2007,0.147,1109
Linn,2008,0.153,970
Linn,2009,0.156,802
Linn,2010,0.119,416
Linn,2011,0.146,1014
Linn,2012,0.146,1008
Linn,2013,0.15,927
Linn,2014,0.154,833
Linn,2015,0.154,792
Linn,2016,0.153,673
Linn,2017,0.152,703
Linn,2018,0.151,566
Linn,2019,0.148,674
Linn,2020,0.151,548
Linn,2021,0.156,547
Linn,2022,0.154,550
Linn,2023,0.149,555
Linn,2024,0.15,512
Linn,2025,0.142,532
Linn,2026,0.144,448
Louisa,2002,0.159,25
Louisa,2003,0.15,8
Louisa,2004,0.144,68
Louisa,2005,0.14,87
Louisa,2006,0.138,79
Louisa,2007,0.143,77
Louisa,2008,0.146,61
Louisa,2009,0.128,57
Louisa,2010,0.08,38
Louisa,2011,0.141,138
Louisa,2012,0.105,104
Louisa,2013,0.137,53
Louisa,2014,0.154,51
Louisa,2015,0.141,49
Louisa,2016,0.156,27
Louisa,2017,0.138,35
Louisa,2018,0.124,49
Louisa,2019,0.149,56
Louisa,2020,0.13,51
Louisa,2021,0.133,46
Louisa,2022,0.119,20
Louisa,2023,0.12,43
Louisa,2024,0.152,46
Louisa,2025,0.134,57
Louisa,2026,0.164,27
Lucas,2002,0.124,39
Lucas,2003,0.117,38
Lucas,2004,0.131,45
Lucas,2005,0.144,28
Lucas,2006,0.137,35
Lucas,2007,0.125,39
Lucas,2008,0.155,43
Lucas,2009,0.128,56
Lucas,2010,0.111,18
Lucas,2011,0.104,44
Lucas,2012,0.156,41
Lucas,2013,0.126,50
Lucas,2014,0.138,39
Lucas,2015,0.125,37
Lucas,2016,0.136,55
Lucas,2017,0.141,35
Lucas,2018,0.126,21
Lucas,2019,0.137,34
Lucas,2020,0.108,47
Lucas,2021,0.135,33
Lucas,2022,0.145,23
Lucas,2023,0.125,18
Lucas,2024,0.127,29
Lucas,2025,0.127,32
Lucas,2026,0.155,17
Lyon,2002,0.13,59
Lyon,2003,0.13,64
Lyon,2004,0.143,42
Lyon,2005,0.123,58
Lyon,2006,0.126,54
Lyon,2007,0.122,52
Lyon,2008,0.141,40
Lyon,2009,0.155,44
Lyon,2010,0.13,15
Lyon,2011,0.139,61
Lyon,2012,0.139,34
Lyon,2013,0.142,65
Lyon,2014,0.13,45
Lyon,2015,0.125,49
Lyon,2016,0.136,35
Lyon,2017,0.123,37
Lyon,2018,0.144,56
Lyon,2019,0.121,44
Lyon,2020,0.15,58
Lyon,2021,0.139,52
Lyon,2022,0.143,54
Lyon,2023,0.139,55
Lyon,2024,0.14,31
Lyon,2025,0.107,54
Lyon,2026,0.126,37
Madison,2002,0.134,73
Madison,2003,0.0,0
Madison,2004,0.12,42
Madison,2005,0.102,54
Madison,2006,0.12,70
Madison,2007,0.124,59
Madison,2008,0.135,55
Madison,2009,0.097,61
Madison,2010,0.132,16
Madison,2011,0.135,42
Madison,2012,0.133,38
Madison,2013,0.128,47
Madison,2014,0.131,32
Madison,2015,0.169,46
Madison,2016,0.131,57
Madison,2017,0.085,94
Madison,2018,0.1,58
Madison,2019,0.128,59
Madison,2020,0.155,32
Madison,2021,0.12,37
Madison,2022,0.148,39
Madison,2023,0.145,49
Madison,2024,0.163,20
Madison,2025,0.155,34
Madison,2026,0.119,28
Mahaska,2002,0.15,68
Mahaska,2003,0.13,94
Mahaska,2004,0.135,133
Mahaska,2005,0.143,132
Mahaska,2006,0.145,163
Mahaska,2007,0.13,149
Mahaska,2008,0.134,213
Mahaska,2009,0.125,188
Mahaska,2010,0.129,149
Mahaska,2011,0.118,179
Mahaska,2012,0.139,188
Mahaska,2013,0.144,131
Mahaska,2014,0.127,100
Mahaska,2015,0.102,135
Mahaska,2016,0.086,151
Mahaska,2017,0.118,157
Mahaska,2018,0.121,79
Mahaska,2019,0.101,71
Mahaska,2020,0.136,70
Mahaska,2021,0.141,84
Mahaska,2022,0.138,94
Mahaska,2023,0.127,118
Mahaska,2024,0.141,89
Mahaska,2025,0.137,79
Mahaska,2026,0.17,3
Marion,2002,0.134,157
Marion,2003,0.131,194
Marion,2004,0.133,173
Marion,2005,0.121,158
Marion,2006,0.121,203
Marion,2007,0.132,234
Marion,2008,0.134,167
Marion,2009,0.136,174
Marion,2010,0.129,98
Marion,2011,0.126,175
Marion,2012,0.125,215
Marion,2013,0.123,186
Marion,2014,0.143,169
Marion,2015,0.122,146
Marion,2016,0.118,174
Marion,2017,0.12,148
Marion,2018,0.108,150
Marion,2019,0.139,114
Marion,2020,0.12,115
Marion,2021,0.138,87
Marion,2022,0.122,98
Marion,2023,0.125,125
Marion,2024,0.137,110
Marion,2025,0.12,123
Marion,2026,0.099,119
Marshall,2002,0.154,185
Marshall,2003,0.164,177
Marshall,2004,0.164,127
Marshall,2005,0.148,221
Marshall,2006,0.15,210
Marshall,2007,0.137,232
Marshall,2008,0.148,261
Marshall,2009,0.156,74
Marshall,2010,0.097,90
Marshall,2011,0.154,168
Marshall,2012,0.141,176
Marshall,2013,0.158,192
Marshall,2014,0.15,132
Marshall,2015,0.157,119
Marshall,2016,0.16,164
Marshall,2017,0.147,179
Marshall,2018,0.151,172
Marshall,2019,0.152,150
Marshall,2020,0.151,111
Marshall,2021,0.15,140
Marshall,2022,0.16,155
Marshall,2023,0.153,178
Marshall,2024,0.146,135
Marshall,2025,0.146,139
Marshall,2026,0.164,87
Mills,2002,0.134,40
Mills,2003,0.132,50
Mills,2004,0.139,63
Mills,2005,0.131,93
Mills,2006,0.131,104
Mills,2007,0.135,90
Mills,2008,0.145,82
Mills,2009,0.148,86
Mills,2010,0.148,45
Mills,2011,0.142,109
Mills,2012,0.151,105
Mills,2013,0.144,100
Mills,2014,0.152,80
Mills,2015,0.131,62
Mills,2016,0.174,84
Mills,2017,0.164,68
Mills,2018,0.144,91
Mills,2019,0.151,103
Mills,2020,0.16,86
Mills,2021,0.167,90
Mills,2022,0.157,87
Mills,2023,0.16,77
Mills,2024,0.131,89
Mills,2025,0.094,84
Mills,2026,0.12,58
Mitchell,2002,0.131,45
Mitchell,2003,0.127,38
Mitchell,2004,0.138,55
Mitchell,2005,0.109,43
Mitchell,2006,0.102,50
Mitchell,2007,0.088,60
Mitchell,2008,0.139,53
Mitchell,2009,0.141,43
Mitchell,2010,0.139,18
Mitchell,2011,0.126,47
Mitchell,2012,0.136,68
Mitchell,2013,0.127,41
Mitchell,2014,0.149,49
Mitchell,2015,0.132,32
Mitchell,2016,0.142,46
Mitchell,2017,0.091,63
Mitchell,2018,0.143,33
Mitchell,2019,0.131,37
Mitchell,2020,0.144,30
Mitchell,2021,0.13,32
Mitchell,2022,0.169,27
Mitchell,2023,0.158,23
Mitchell,2024,0.15,19
Mitchell,2025,0.181,15
Mitchell,2026,0.203,12
Monona,2002,0.115,66
Monona,2003,0.111,115
Monona,2004,0.108,94
Monona,2005,0.098,142
Monona,2006,0.089,106
Monona,2007,0.109,114
Monona,2008,0.1,136
Monona,2009,0.041,223
Monona,2010,0.042,167
Monona,2011,0.122,70
Monona,2012,0.093,77
Monona,2013,0.13,57
Monona,2014,0.136,41
Monona,2015,0.134,43
Monona,2016,0.148,71
Monona,2017,0.14,74
Monona,2018,0.142,84
Monona,2019,0.147,74
Monona,2020,0.146,39
Monona,2021,0.126,38
Monona,2022,0.135,39
Monona,2023,0.136,34
Monona,2024,0.148,29
Monona,2025,0.16,57
Monona,2026,0.115,9
Monroe,2002,0.131,21
Monroe,2003,0.131,33
Monroe,2004,0.119,25
Monroe,2005,0.129,20
Monroe,2006,0.139,21
Monroe,2007,0.128,39
Monroe,2008,0.113,46
Monroe,2009,0.101,29
Monroe,2010,0.098,33
Monroe,2011,0.112,29
Monroe,2012,0.123,41
Monroe,2013,0.153,24
Monroe,2014,0.165,11
Monroe,2015,0.083,16
Monroe,2016,0.119,15
Monroe,2017,0.134,25
Monroe,2018,0.122,14
Monroe,2019,0.116,15
Monroe,2020,0.105,21
Monroe,2021,0.108,26
Monroe,2022,0.14,20
Monroe,2023,0.143,17
Monroe,2024,0.122,17
Monroe,2025,0.131,26
Monroe,2026,0.119,16
Montgomery,2002,0.142,66
Montgomery,2003,0.17,30
Montgomery,2004,0.149,46
Montgomery,2005,0.155,64
Montgomery,2006,0.145,45
Montgomery,2007,0.137,65
Montgomery,2008,0.131,44
Montgomery,2009,0.128,59
Montgomery,2010,0.136,29
Montgomery,2011,0.131,55
Montgomery,2012,0.119,57
Montgomery,2013,0.138,63
Montgomery,2014,0.124,44
Montgomery,2015,0.101,41
Montgomery,2016,0.133,40
Montgomery,2017,0.133,30
Montgomery,2018,0.12,36
Montgomery,2019,0.128,33
Montgomery,2020,0.145,39
Montgomery,2021,0.14,32
Montgomery,2022,0.127,30
Montgomery,2023,0.129,43
Montgomery,2024,0.104,39
Montgomery,2025,0.125,25
Montgomery,2026,0.175,28
Muscatine,2002,0.14,138
Muscatine,2003,0.144,323
Muscatine,2004,0.149,321
Muscatine,2005,0.14,359
Muscatine,2006,0.144,374
Muscatine,2007,0.147,392
Muscatine,2008,0.15,377
Muscatine,2009,0.145,385
Muscatine,2010,0.147,136
Muscatine,2011,0.155,336
Muscatine,2012,0.149,336
Muscatine,2013,0.151,299
Muscatine,2014,0.149,258
Muscatine,2015,0.148,221
Muscatine,2016,0.148,194
Muscatine,2017,0.144,307
Muscatine,2018,0.154,214
Muscatine,2019,0.139,192
Muscatine,2020,0.154,152
Muscatine,2021,0.152,208
Muscatine,2022,0.119,214
Muscatine,2023,0.104,274
Muscatine,2024,0.102,277
Muscatine,2025,0.106,271
Muscatine,2026,0.099,219
O'Brien,2002,0.126,62
O'Brien,2003,0.132,78
O'Brien,2004,0.133,36
O'Brien,2005,0.125,91
O'Brien,2006,0.118,131
O'Brien,2007,0.12,133
O'Brien,2008,0.111,184
O'Brien,2009,0.122,142
O'Brien,2010,0.148,36
O'Brien,2011,0.156,111
O'Brien,2012,0.143,116
O'Brien,2013,0.131,89
O'Brien,2014,0.145,57
O'Brien,2015,0.163,64
O'Brien,2016,0.146,57
O'Brien,2017,0.152,56
O'Brien,2018,0.131,38
O'Brien,2019,0.153,46
O'Brien,2020,0.136,41
O'Brien,2021,0.14,49
O'Brien,2022,0.137,47
O'Brien,2023,0.142,57
O'Brien,2024,0.084,68
O'Brien,2025,0.12,48
O'Brien,2026,0.102,31
Osceola,2002,0.111,64
Osceola,2003,0.12,45
Osceola,2004,0.101,11
Osceola,2005,0.128,44
Osceola,2006,0.124,45
Osceola,2007,0.128,35
Osceola,2008,0.106,48
Osceola,2009,0.109,32
Osceola,2010,0.134,22
Osceola,2011,0.144,61
Osceola,2012,0.131,38
Osceola,2013,0.125,31
Osceola,2014,0.126,33
Osceola,2015,0.121,41
Osceola,2016,0.121,68
Osceola,2017,0.1,52
Osceola,2018,0.101,56
Osceola,2019,0.117,56
Osceola,2020,0.123,48
Osceola,2021,0.123,49
Osceola,2022,0.094,47
Osceola,2023,0.138,39
Osceola,2024,0.116,37
Osceola,2025,0.149,29
Osceola,2026,0.164,17
Page,2002,0.127,63
Page,2003,0.147,79
Page,2004,0.137,67
Page,2005,0.132,53
Page,2006,0.119,74
Page,2007,0.094,65
Page,2008,0.124,75
Page,2009,0.12,70
Page,2010,0.15,22
Page,2011,0.126,38
Page,2012,0.119,63
Page,2013,0.105,85
Page,2014,0.105,57
Page,2015,0.112,59
Page,2016,0.117,38
Page,2017,0.085,63
Page,2018,0.087,47
Page,2019,0.142,46
Page,2020,0.139,64
Page,2021,0.115,76
Page,2022,0.092,92
Page,2023,0.1,66
Page,2024,0.121,70
Page,2025,0.13,51
Page,2026,0.073,5
Palo Alto,2002,0.121,39
Palo Alto,2003,0.14,46
Palo Alto,2004,0.157,39
Palo Alto,2005,0.125,35
Palo Alto,2006,0.151,42
Palo Alto,2007,0.142,46
Palo Alto,2008,0.122,58
Palo Alto,2009,0.126,45
Palo Alto,2010,0.084,13
Palo Alto,2011,0.126,56
Palo Alto,2012,0.14,34
Palo Alto,2013,0.147,48
Palo Alto,2014,0.11,31
Palo Alto,2015,0.119,32
Palo Alto,2016,0.132,61
Palo Alto,2017,0.12,30
Palo Alto,2018,0.131,43
Palo Alto,2019,0.162,35
Palo Alto,2020,0.139,27
Palo Alto,2021,0.133,31
Palo Alto,2022,0.135,33
Palo Alto,2023,0.138,32
Palo Alto,2024,0.146,25
Palo Alto,2025,0.103,17
Palo Alto,2026,0.126,26
Plymouth,2002,0.113,213
Plymouth,2003,0.127,164
Plymouth,2004,0.127,109
Plymouth,2005,0.129,183
Plymouth,2006,0.124,164
Plymouth,2007,0.113,174
Plymouth,2008,0.123,183
Plymouth,2009,0.098,201
Plymouth,2010,0.1,70
Plymouth,2011,0.108,150
Plymouth,2012,0.124,132
Plymouth,2013,0.118,132
Plymouth,2014,0.124,120
Plymouth,2015,0.138,129
Plymouth,2016,0.139,103
Plymouth,2017,0.138,66
Plymouth,2018,0.142,95
Plymouth,2019,0.153,115
Plymouth,2020,0.148,121
Plymouth,2021,0.145,122
Plymouth,2022,0.142,153
Plymouth,2023,0.149,95
Plymouth,2024,0.146,107
Plymouth,2025,0.139,131
Plymouth,2026,0.134,84
Pocahontas,2002,0.132,33
Pocahontas,2003,0.148,38
Pocahontas,2004,0.122,12
Pocahontas,2005,0.114,24
Pocahontas,2006,0.151,30
Pocahontas,2007,0.131,35
Pocahontas,2008,0.135,63
Pocahontas,2009,0.155,44
Pocahontas,2010,0.112,27
Pocahontas,2011,0.117,73
Pocahontas,2012,0.143,78
Pocahontas,2013,0.146,48
Pocahontas,2014,0.154,56
Pocahontas,2015,0.128,39
Pocahontas,2016,0.177,24
Pocahontas,2017,0.147,48
Pocahontas,2018,0.142,24
Pocahontas,2019,0.151,41
Pocahontas,2020,0.128,36
Pocahontas,2021,0.135,19
Pocahontas,2022,0.148,29
Pocahontas,2023,0.178,27
Pocahontas,2024,0.128,16
Pocahontas,2025,0.149,12
Pocahontas,2026,0.171,12
Polk,2002,0.156,938
Polk,2003,0.151,872
Polk,2004,0.152,1408
Polk,2005,0.153,1412
Polk,2006,0.141,1737
Polk,2007,0.152,1742
Polk,2008,0.148,1889
Polk,2009,0.147,1444
Polk,2010,0.124,567
Polk,2011,0.141,2353
Polk,2012,0.138,2139
Polk,2013,0.141,2007
Polk,2014,0.145,1910
Polk,2015,0.149,1503
Polk,2016,0.145,1673
Polk,2017,0.148,1578
Polk,2018,0.15,1694
Polk,2019,0.149,1602
Polk,2020,0.146,1269
Polk,2021,0.141,1510
Polk,2022,0.14,1549
Polk,2023,0.143,1420
Polk,2024,0.144,1585
Polk,2025,0.142,1555
Polk,2026,0.15,937
Pottawattamie,2002,0.174,279
Pottawattamie,2003,0.165,267
Pottawattamie,2004,0.165,229
Pottawattamie,2005,0.155,310
Pottawattamie,2006,0.152,380
Pottawattamie,2007,0.151,363
Pottawattamie,2008,0.143,375
Pottawattamie,2009,0.141,363
Pottawattamie,2010,0.139,193
Pottawattamie,2011,0.14,448
Pottawattamie,2012,0.134,430
Pottawattamie,2013,0.148,462
Pottawattamie,2014,0.148,377
Pottawattamie,2015,0.148,402
Pottawattamie,2016,0.139,481
Pottawattamie,2017,0.133,376
Pottawattamie,2018,0.145,334
Pottawattamie,2019,0.152,315
Pottawattamie,2020,0.158,337
Pottawattamie,2021,0.155,382
Pottawattamie,2022,0.162,350
Pottawattamie,2023,0.156,390
Pottawattamie,2024,0.166,353
Pottawattamie,2025,0.159,443
Pottawattamie,2026,0.173,231
Poweshiek,2002,0.137,47
Poweshiek,2003,0.146,81
Poweshiek,2004,0.145,96
Poweshiek,2005,0.147,117
Poweshiek,2006,0.134,157
Poweshiek,2007,0.144,139
Poweshiek,2008,0.126,137
Poweshiek,2009,0.133,117
Poweshiek,2010,0.085,38
Poweshiek,2011,0.13,127
Poweshiek,2012,0.132,103
Poweshiek,2013,0.136,97
Poweshiek,2014,0.133,90
Poweshiek,2015,0.142,83
Poweshiek,2016,0.129,84
Poweshiek,2017,0.154,68
Poweshiek,2018,0.152,61
Poweshiek,2019,0.149,68
Poweshiek,2020,0.147,46
Poweshiek,2021,0.133,35
Poweshiek,2022,0.139,43
Poweshiek,2023,0.174,30
Poweshiek,2024,0.152,30
Poweshiek,2025,0.136,40
Poweshiek,2026,0.14,28
Ringgold,2002,0.132,20
Ringgold,2003,0.14,19
Ringgold,2004,0.142,7
Ringgold,2005,0.132,10
Ringgold,2006,0.144,9
Ringgold,2007,0.122,18
Ringgold,2008,0.113,27
Ringgold,2009,0.143,17
Ringgold,2010,0.125,19
Ringgold,2011,0.103,37
Ringgold,2012,0.111,33
Ringgold,2013,0.144,19
Ringgold,2014,0.09,11
Ringgold,2015,0.141,19
Ringgold,2016,0.147,13
Ringgold,2017,0.097,19
Ringgold,2018,0.151,9
Ringgold,2019,0.133,8
Ringgold,2020,0.135,11
Ringgold,2021,0.077,5
Ringgold,2022,0.153,12
Ringgold,2023,0.134,8
Ringgold,2024,0.057,5
Ringgold,2025,0.098,4
Ringgold,2026,0.115,4
Sac,2002,0.152,25
Sac,2003,0.135,54
Sac,2004,0.123,36
Sac,2005,0.132,50
Sac,2006,0.131,59
Sac,2007,0.138,62
Sac,2008,0.143,69
Sac,2009,0.14,57
Sac,2010,0.135,24
Sac,2011,0.146,33
Sac,2012,0.15,52
Sac,2013,0.142,45
Sac,2014,0.13,56
Sac,2015,0.146,52
Sac,2016,0.11,25
Sac,2017,0.148,39
Sac,2018,0.13,37
Sac,2019,0.143,37
Sac,2020,0.115,21
Sac,2021,0.128,26
Sac,2022,0.148,23
Sac,2023,0.126,23
Sac,2024,0.147,23
Sac,2025,0.151,32
Sac,2026,0.137,22
Scott,2002,0.15,646
Scott,2003,0.151,606
Scott,2004,0.144,643
Scott,2005,0.148,634
Scott,2006,0.14,504
Scott,2007,0.137,553
Scott,2008,0.148,354
Scott,2009,0.133,626
Scott,2010,0.14,375
Scott,2011,0.147,805
Scott,2012,0.134,743
Scott,2013,0.147,722
Scott,2014,0.155,624
Scott,2015,0.155,647
Scott,2016,0.135,619
Scott,2017,0.146,563
Scott,2018,0.145,522
Scott,2019,0.139,706
Scott,2020,0.125,521
Scott,2021,0.135,413
Scott,2022,0.143,517
Scott,2023,0.137,618
Scott,2024,0.134,685
Scott,2025,0.146,727
Scott,2026,0.145,493
Shelby,2002,0.152,17
Shelby,2003,0.118,51
Shelby,2004,0.142,51
Shelby,2005,0.129,40
Shelby,2006,0.113,78
Shelby,2007,0.122,61
Shelby,2008,0.138,73
Shelby,2009,0.142,52
Shelby,2010,0.117,33
Shelby,2011,0.121,37
Shelby,2012,0.164,47
Shelby,2013,0.159,34
Shelby,2014,0.117,30
Shelby,2015,0.169,35
Shelby,2016,0.149,38
Shelby,2017,0.122,32
Shelby,2018,0.143,52
Shelby,2019,0.145,44
Shelby,2020,0.137,55
Shelby,2021,0.126,45
Shelby,2022,0.134,42
Shelby,2023,0.14,44
Shelby,2024,0.131,44
Shelby,2025,0.112,48
Shelby,2026,0.131,34
Sioux,2002,0.125,106
Sioux,2003,0.13,121
Sioux,2004,0.125,138
Sioux,2005,0.126,194
Sioux,2006,0.12,170
Sioux,2007,0.118,166
Sioux,2008,0.116,153
Sioux,2009,0.125,131
Sioux,2010,0.116,67
Sioux,2011,0.119,187
Sioux,2012,0.117,129
Sioux,2013,0.115,151
Sioux,2014,0.121,168
Sioux,2015,0.116,130
Sioux,2016,0.147,126
Sioux,2017,0.134,110
Sioux,2018,0.126,96
Sioux,2019,0.133,94
Sioux,2020,0.125,120
Sioux,2021,0.134,143
Sioux,2022,0.131,147
Sioux,2023,0.127,179
Sioux,2024,0.124,146
Sioux,2025,0.125,168
Sioux,2026,0.129,85
Statewide,2002,0.136,13006
Statewide,2003,0.134,16041
Statewide,2004,0.137,16735
Statewide,2005,0.136,17593
Statewide,2006,0.133,18898
Statewide,2007,0.134,18511
Statewide,2008,0.135,18280
Statewide,2009,0.133,16550
Statewide,2010,0.126,6429
Statewide,2011,0.136,19675
Statewide,2012,0.137,18453
Statewide,2013,0.137,16716
Statewide,2014,0.139,14842
Statewide,2015,0.139,13877
Statewide,2016,0.136,13888
Statewide,2017,0.136,13512
Statewide,2018,0.136,12852
Statewide,2019,0.138,12537
Statewide,2020,0.139,10474
Statewide,2021,0.139,11686
Statewide,2022,0.139,11860
Statewide,2023,0.138,11877
Statewide,2024,0.137,11547
Statewide,2025,0.14,11415
Statewide,2026,0.141,7373
Story,2002,0.154,422
Story,2003,0.164,610
Story,2004,0.156,691
Story,2005,0.155,685
Story,2006,0.157,737
Story,2007,0.157,513
Story,2008,0.142,659
Story,2009,0.142,592
Story,2010,0.104,195
Story,2011,0.125,688
Story,2012,0.121,714
Story,2013,0.119,710
Story,2014,0.123,628
Story,2015,0.118,554
Story,2016,0.118,493
Story,2017,0.118,430
Story,2018,0.127,378
Story,2019,0.132,295
Story,2020,0.129,231
Story,2021,0.135,277
Story,2022,0.122,341
Story,2023,0.135,346
Story,2024,0.143,236
Story,2025,0.144,211
Story,2026,0.131,162
Tama,2002,0.145,192
Tama,2003,0.138,176
Tama,2004,0.148,121
Tama,2005,0.146,139
Tama,2006,0.143,117
Tama,2007,0.155,118
Tama,2008,0.156,114
Tama,2009,0.151,97
Tama,2010,0.117,45
Tama,2011,0.14,101
Tama,2012,0.141,91
Tama,2013,0.152,69
Tama,2014,0.151,102
Tama,2015,0.144,73
Tama,2016,0.125,77
Tama,2017,0.118,77
Tama,2018,0.12,64
Tama,2019,0.131,85
Tama,2020,0.148,70
Tama,2021,0.119,75
Tama,2022,0.127,82
Tama,2023,0.143,127
Tama,2024,0.141,71
Tama,2025,0.157,63
Tama,2026,0.131,57
Taylor,2002,0.123,15
Taylor,2003,0.123,34
Taylor,2004,0.142,31
Taylor,2005,0.119,23
Taylor,2006,0.078,13
Taylor,2007,0.083,23
Taylor,2008,0.06,10
Taylor,2009,0.111,10
Taylor,2010,0.101,16
Taylor,2011,0.113,14
Taylor,2012,0.139,18
Taylor,2013,0.145,24
Taylor,2014,0.152,13
Taylor,2015,0.113,13
Taylor,2016,0.135,11
Taylor,2017,0.142,8
Taylor,2018,0.104,13
Taylor,2019,0.152,9
Taylor,2020,0.155,10
Taylor,2021,0.127,8
Taylor,2022,0.124,3
Taylor,2023,0.136,6
Taylor,2024,0.161,7
Taylor,2025,0.149,8
Taylor,2026,0.151,8
Union,2002,0.146,58
Union,2003,0.152,18
Union,2004,0.14,37
Union,2005,0.126,65
Union,2006,0.125,106
Union,2007,0.115,77
Union,2008,0.124,74
Union,2009,0.126,64
Union,2010,0.088,27
Union,2011,0.109,66
Union,2012,0.145,56
Union,2013,0.152,65
Union,2014,0.149,53
Union,2015,0.135,67
Union,2016,0.116,64
Union,2017,0.147,56
Union,2018,0.162,38
Union,2019,0.143,44
Union,2020,0.148,32
Union,2021,0.136,39
Union,2022,0.152,46
Union,2023,0.133,87
Union,2024,0.132,96
Union,2025,0.121,68
Union,2026,0.119,58
Van Buren,2002,0.168,13
Van Buren,2003,0.156,16
Van Buren,2004,0.139,18
Van Buren,2005,0.133,18
Van Buren,2006,0.113,31
Van Buren,2007,0.141,23
Van Buren,2008,0.096,13
Van Buren,2009,0.142,24
Van Buren,2010,0.021,7
Van Buren,2011,0.121,41
Van Buren,2012,0.146,23
Van Buren,2013,0.14,38
Van Buren,2014,0.117,13
Van Buren,2015,0.119,22
Van Buren,2016,0.128,19
Van Buren,2017,0.141,15
Van Buren,2018,0.117,22
Van Buren,2019,0.143,23
Van Buren,2020,0.139,17
Van Buren,2021,0.127,26
Van Buren,2022,0.164,18
Van Buren,2023,0.158,16
Van Buren,2024,0.144,16
Van Buren,2025,0.149,28
Van Buren,2026,0.127,7
Wapello,2002,0.157,89
Wapello,2003,0.159,260
Wapello,2004,0.156,255
Wapello,2005,0.155,247
Wapello,2006,0.145,354
Wapello,2007,0.15,311
Wapello,2008,0.137,420
Wapello,2009,0.135,289
Wapello,2010,0.147,186
Wapello,2011,0.142,215
Wapello,2012,0.155,223
Wapello,2013,0.148,230
Wapello,2014,0.139,190
Wapello,2015,0.149,166
Wapello,2016,0.134,190
Wapello,2017,0.145,212
Wapello,2018,0.141,204
Wapello,2019,0.14,217
Wapello,2020,0.14,229
Wapello,2021,0.147,250
Wapello,2022,0.147,186
Wapello,2023,0.14,260
Wapello,2024,0.151,190
Wapello,2025,0.158,169
Wapello,2026,0.158,117
Warren,2002,0.141,273
Warren,2003,0.141,239
Warren,2004,0.135,250
Warren,2005,0.132,224
Warren,2006,0.14,298
Warren,2007,0.146,220
Warren,2008,0.149,218
Warren,2009,0.137,184
Warren,2010,0.146,58
Warren,2011,0.145,197
Warren,2012,0.136,193
Warren,2013,0.149,216
Warren,2014,0.156,216
Warren,2015,0.146,214
Warren,2016,0.143,218
Warren,2017,0.143,211
Warren,2018,0.16,167
Warren,2019,0.153,186
Warren,2020,0.15,188
Warren,2021,0.158,171
Warren,2022,0.158,145
Warren,2023,0.146,151
Warren,2024,0.131,266
Warren,2025,0.13,231
Warren,2026,0.137,122
Washington,2002,0.123,94
Washington,2003,0.15,39
Washington,2004,0.157,99
Washington,2005,0.145,70
Washington,2006,0.157,81
Washington,2007,0.132,74
Washington,2008,0.139,152
Washington,2009,0.142,125
Washington,2010,0.136,74
Washington,2011,0.123,113
Washington,2012,0.137,132
Washington,2013,0.132,115
Washington,2014,0.124,107
Washington,2015,0.141,93
Washington,2016,0.126,88
Washington,2017,0.126,82
Washington,2018,0.137,95
Washington,2019,0.141,84
Washington,2020,0.136,97
Washington,2021,0.145,84
Washington,2022,0.147,107
Washington,2023,0.148,73
Washington,2024,0.134,92
Washington,2025,0.151,77
Washington,2026,0.176,55
Wayne,2002,0.133,18
Wayne,2003,0.148,1
Wayne,2004,0.119,18
Wayne,2005,0.122,18
Wayne,2006,0.112,39
Wayne,2007,0.089,25
Wayne,2008,0.099,31
Wayne,2009,0.1,48
Wayne,2010,0.111,19
Wayne,2011,0.102,30
Wayne,2012,0.135,31
Wayne,2013,0.098,38
Wayne,2014,0.092,37
Wayne,2015,0.111,14
Wayne,2016,0.131,11
Wayne,2017,0.159,16
Wayne,2018,0.101,24
Wayne,2019,0.109,23
Wayne,2020,0.138,27
Wayne,2021,0.081,22
Wayne,2022,0.145,12
Wayne,2023,0.085,16
Wayne,2024,0.115,12
Wayne,2025,0.078,3
Wayne,2026,0.133,9
Webster,2002,0.149,83
Webster,2003,0.161,110
Webster,2004,0.159,123
Webster,2005,0.149,159
Webster,2006,0.15,169
Webster,2007,0.133,144
Webster,2008,0.136,231
Webster,2009,0.13,52
Webster,2010,0.128,94
Webster,2011,0.15,174
Webster,2012,0.15,193
Webster,2013,0.147,151
Webster,2014,0.148,126
Webster,2015,0.156,109
Webster,2016,0.152,123
Webster,2017,0.158,104
Webster,2018,0.159,102
Webster,2019,0.152,86
Webster,2020,0.153,80
Webster,2021,0.156,86
Webster,2022,0.152,98
Webster,2023,0.143,110
Webster,2024,0.15,177
Webster,2025,0.156,224
Webster,2026,0.154,75
Winnebago,2002,0.107,63
Winnebago,2003,0.125,76
Winnebago,2004,0.141,80
Winnebago,2005,0.121,53
Winnebago,2006,0.127,61
Winnebago,2007,0.129,47
Winnebago,2008,0.142,59
Winnebago,2009,0.117,50
Winnebago,2010,0.138,25
Winnebago,2011,0.129,74
Winnebago,2012,0.121,79
Winnebago,2013,0.132,61
Winnebago,2014,0.149,48
Winnebago,2015,0.132,47
Winnebago,2016,0.131,50
Winnebago,2017,0.115,47
Winnebago,2018,0.133,59
Winnebago,2019,0.13,66
Winnebago,2020,0.144,25
Winnebago,2021,0.126,48
Winnebago,2022,0.134,48
Winnebago,2023,0.141,33
Winnebago,2024,0.145,32
Winnebago,2025,0.135,35
Winnebago,2026,0.16,23
Winneshiek,2002,0.142,126
Winneshiek,2003,0.14,107
Winneshiek,2004,0.142,134
Winneshiek,2005,0.131,51
Winneshiek,2006,0.146,104
Winneshiek,2007,0.135,200
Winneshiek,2008,0.143,162
Winneshiek,2009,0.148,134
Winneshiek,2010,0.127,55
Winneshiek,2011,0.121,137
Winneshiek,2012,0.119,160
Winneshiek,2013,0.108,143
Winneshiek,2014,0.121,118
Winneshiek,2015,0.093,128
Winneshiek,2016,0.128,93
Winneshiek,2017,0.125,83
Winneshiek,2018,0.111,117
Winneshiek,2019,0.116,85
Winneshiek,2020,0.117,63
Winneshiek,2021,0.134,42
Winneshiek,2022,0.133,66
Winneshiek,2023,0.139,82
Winneshiek,2024,0.118,65
Winneshiek,2025,0.127,37
Winneshiek,2026,0.145,12
Woodbury,2002,0.151,768
Woodbury,2003,0.149,676
Woodbury,2004,0.148,645
Woodbury,2005,0.139,791
Woodbury,2006,0.141,792
Woodbury,2007,0.138,758
Woodbury,2008,0.135,990
Woodbury,2009,0.14,863
Woodbury,2010,0.141,101
Woodbury,2011,0.141,808
Woodbury,2012,0.146,713
Woodbury,2013,0.142,636
Woodbury,2014,0.143,578
Woodbury,2015,0.154,589
Woodbury,2016,0.152,518
Woodbury,2017,0.149,547
Woodbury,2018,0.156,505
Woodbury,2019,0.145,490
Woodbury,2020,0.154,509
Woodbury,2021,0.158,445
Woodbury,2022,0.159,422
Woodbury,2023,0.16,332
Woodbury,2024,0.161,393
Woodbury,2025,0.157,408
Woodbury,2026,0.171,339
Worth,2002,0.135,75
Worth,2003,0.149,65
Worth,2004,0.143,69
Worth,2005,0.127,52
Worth,2006,0.123,71
Worth,2007,0.138,76
Worth,2008,0.13,31
Worth,2009,0.135,70
Worth,2010,0.101,24
Worth,2011,0.124,62
Worth,2012,0.109,52
Worth,2013,0.122,36
Worth,2014,0.136,27
Worth,2015,0.109,29
Worth,2016,0.129,37
Worth,2017,0.132,54
Worth,2018,0.132,67
Worth,2019,0.138,57
Worth,2020,0.151,33
Worth,2021,0.131,35
Worth,2022,0.144,27
Worth,2023,0.141,21
Worth,2024,0.133,30
Worth,2025,0.111,32
Worth,2026,0.113,20
Wright,2002,0.167,95
Wright,2003,0.155,85
Wright,2004,0.14,74
Wright,2005,0.141,80
Wright,2006,0.149,75
Wright,2007,0.147,94
Wright,2008,0.139,23
Wright,2009,0.152,22
Wright,2010,0.157,51
Wright,2011,0.132,109
Wright,2012,0.165,85
Wright,2013,0.137,84
Wright,2014,0.139,94
Wright,2015,0.154,80
Wright,2016,0.131,69
Wright,2017,0.156,51
Wright,2018,0.155,56
Wright,2019,0.159,63
Wright,2020,0.153,88
Wright,2021,0.149,93
Wright,2022,0.149,94
Wright,2023,0.146,93
Wright,2024,0.141,58
Wright,2025,0.157,69
Wright,2026,0.177,12
